[
	{"items":[{
		"id":0,
	        "imgurl":"img/food1.png",
	        "method":"售卖机自取",
	        "salesNumber":12,
	        "currentPrice":18,
	        "originalPrice":48,
            "name":"哈哈哈哈啊啊啊啊撒啊"
	    },
	    {
	    	"id":1,
	        "imgurl":"img/food2.png",
	        "method":"售卖机自取",
	        "salesNumber":19,
	        "currentPrice":56,
	        "originalPrice":87
	    },
	    {
	    	"id":2,
	        "imgurl":"img/food1.png",
	        "method":"售卖机自取",
	        "salesNumber":21,
	        "currentPrice":123,
	        "originalPrice":221
	    }]
    },
    {"items":[{
    	"id":3,
        "imgurl":"img/food2.png",
        "method":"售卖机自取",
        "salesNumber":11,
        "currentPrice":8,
        "originalPrice":18
    },
    {
    	"id":4,
        "imgurl":"img/food1.png",
        "method":"售卖机自取",
        "salesNumber":122,
        "currentPrice":92,
        "originalPrice":123
    },
    {
    	"id":5,
        "imgurl":"img/food2.png",
        "method":"售卖机自取",
        "salesNumber":133,
        "currentPrice":11,
        "originalPrice":19
    }]
	}
]